index,Order ID,Ticker Symbol,Type,Shares,Price,Total amount,Trading day,Trading time,Commission,Charges and fees,Order Type,Execution venue,Exchange rate,Total cost,ISIN,Execution_Price,Sector,Industry,YF_TICKER,Name,Result,Target
65,POS245087914,TSLA,Buy,0.08,686.6212,54.93,2020-06-05,14:28:43,0.0,0.0,MARKET,Over the Counter (OTC),0.78768,54.93,US88160R1014,174.3401381271582,Consumer Cyclical,Auto Manufacturers,TSLA,TSLA,,1
1470,EOF925192237,TSLA,Buy,0.3,609.053078061117,182.72,2021-01-28,16:40:00,,,,,1.37213,,US88160R1014,835.7,Consumer Cyclical,Auto Manufacturers,TSLA,TSLA,,0
180,POS245087914,TSLA,Buy,0.04706204,1062.4254,50.0,2020-07-06,17:48:27,0.0,0.0,MARKET,Over the Counter (OTC),0.80001,50.0,US88160R1014,265.603029962126,Consumer Cyclical,Auto Manufacturers,TSLA,TSLA,,0
191,POS245087914,TSLA,Buy,0.07274466,1374.6711,100.0,2020-07-13,13:40:03,0.0,0.0,MARKET,Over the Counter (OTC),0.79236,100.0,US88160R1014,346.981447826746,Consumer Cyclical,Auto Manufacturers,TSLA,TSLA,,0
198,POS245087914,TSLA,Buy,0.04134525,1209.3268,50.0,2020-07-14,14:32:58,0.0,0.0,MARKET,Over the Counter (OTC),0.7977,50.0,US88160R1014,303.203409803184,Consumer Cyclical,Auto Manufacturers,TSLA,TSLA,,0
206,POS245087914,TSLA,Buy,0.04194028,1192.1693,50.0,2020-07-15,14:18:18,0.0,0.0,MARKET,Over the Counter (OTC),0.79385,50.0,US88160R1014,300.351275429868,Consumer Cyclical,Auto Manufacturers,TSLA,TSLA,,1
220,POS245087914,TSLA,Buy,0.08429902,1186.2533,100.0,2020-07-20,14:03:48,0.0,0.0,MARKET,Over the Counter (OTC),0.79212,100.0,US88160R1014,299.513533303034,Consumer Cyclical,Auto Manufacturers,TSLA,TSLA,,1
236,POS245087914,TSLA,Buy,0.04080259,1225.4103,50.0,2020-07-23,16:32:15,0.0,0.0,MARKET,Over the Counter (OTC),0.78417,50.0,US88160R1014,312.53689888672,Consumer Cyclical,Auto Manufacturers,TSLA,TSLA,,1
237,POS245087914,TSLA,Buy,0.04240717,1179.044,50.0,2020-07-23,18:07:07,0.0,0.0,MARKET,Over the Counter (OTC),0.78528,50.0,US88160R1014,300.28626731866404,Consumer Cyclical,Auto Manufacturers,TSLA,TSLA,,1
242,POS245087914,TSLA,Buy,0.1,1071.892,107.19,2020-07-24,13:50:34,0.0,0.0,MARKET,Over the Counter (OTC),0.78373,107.19,US88160R1014,273.53603919717204,Consumer Cyclical,Auto Manufacturers,TSLA,TSLA,,1
256,POS245087914,TSLA,Buy,0.1,1141.8725,114.19,2020-08-04,14:41:26,0.0,0.0,MARKET,Over the Counter (OTC),0.76667,114.19,US88160R1014,297.878487484838,Consumer Cyclical,Auto Manufacturers,TSLA,TSLA,,1
258,POS245087914,TSLA,Buy,0.05,1127.5062,56.38,2020-08-04,15:32:44,0.0,0.0,MARKET,Over the Counter (OTC),0.76557,56.38,US88160R1014,294.55339159057996,Consumer Cyclical,Auto Manufacturers,TSLA,TSLA,,1
286,POS245087914,TSLA,Buy,0.02903,1110.9067,32.25,2020-08-12,13:33:48,0.0,0.0,MARKET,Over the Counter (OTC),0.7664,32.25,US88160R1014,289.902583507306,Consumer Cyclical,Auto Manufacturers,TSLA,TSLA,,1
287,POS245087914,TSLA,Buy,0.20001,1125.8427,225.18,2020-08-12,14:03:44,0.0,0.0,MARKET,Over the Counter (OTC),0.76784,225.18,US88160R1014,293.249296728486,Consumer Cyclical,Auto Manufacturers,TSLA,TSLA,,1
288,POS245087914,TSLA,Buy,0.4,1140.8463,456.34,2020-08-12,14:28:36,0.0,0.0,MARKET,Over the Counter (OTC),0.76747,456.34,US88160R1014,297.300558979504,Consumer Cyclical,Auto Manufacturers,TSLA,TSLA,,1
294,POS245087914,TSLA,Buy,0.00077738,1286.3348,1.0,2020-08-17,13:32:55,0.0,0.0,MARKET,Over the Counter (OTC),0.76345,1.0,US88160R1014,336.979448555898,Consumer Cyclical,Auto Manufacturers,TSLA,TSLA,,1
310,POS245087914,TSLA,Buy,0.6,1576.1857,945.71,2020-08-21,13:35:27,0.0,0.0,MARKET,Over the Counter (OTC),0.76342,945.71,US88160R1014,412.92753661156405,Consumer Cyclical,Auto Manufacturers,TSLA,TSLA,,0
325,POS245087914,TSLA,Buy,0.5,1506.3493,753.17,2020-08-25,13:32:39,0.0,0.0,MARKET,Over the Counter (OTC),0.76039,753.17,US88160R1014,396.20439511303397,Consumer Cyclical,Auto Manufacturers,TSLA,TSLA,,1
348,POS399483942,TSLA,Buy,1.0,336.7167,336.72,2020-08-31,13:37:29,0.0,0.0,MARKET,Over the Counter (OTC),0.75076,336.72,US88160R1014,448.501118866216,Consumer Cyclical,Auto Manufacturers,TSLA,TSLA,,1
353,POS399483942,TSLA,Buy,1.0,343.2734,343.27,2020-08-31,13:48:47,0.0,0.0,MARKET,Over the Counter (OTC),0.75114,343.27,US88160R1014,457.003221769577,Consumer Cyclical,Auto Manufacturers,TSLA,TSLA,,1
358,POS399483942,TSLA,Buy,2.0,346.7146,693.43,2020-08-31,14:21:42,0.0,0.0,MARKET,Over the Counter (OTC),0.74965,693.43,US88160R1014,462.501967584873,Consumer Cyclical,Auto Manufacturers,TSLA,TSLA,,1
361,POS399483942,TSLA,Buy,1.0,365.6032,365.6,2020-08-31,15:17:35,0.0,0.0,MARKET,Over the Counter (OTC),0.7471,365.6,US88160R1014,489.363137464864,Consumer Cyclical,Auto Manufacturers,TSLA,TSLA,,0
363,POS399483942,TSLA,Buy,1.0,358.0282,358.03,2020-08-31,15:26:15,0.0,0.0,MARKET,Over the Counter (OTC),0.7481,358.03,US88160R1014,478.583344472664,Consumer Cyclical,Auto Manufacturers,TSLA,TSLA,,0
364,POS399483942,TSLA,Buy,2.0,355.3527,710.71,2020-08-31,15:27:20,0.0,0.0,STOP_LIMIT,NASDAQ,0.74811,710.71,US88160R1014,475.00060151582,Consumer Cyclical,Auto Manufacturers,TSLA,TSLA,,0
374,POS403143520,TSLA,Buy,2.0,364.5507,729.1,2020-09-01,13:40:16,0.0,0.0,MARKET,Over the Counter (OTC),0.74398,729.1,US88160R1014,490.000672061077,Consumer Cyclical,Auto Manufacturers,TSLA,TSLA,,0
375,POS403143520,TSLA,Buy,2.0,364.757,729.51,2020-09-01,13:43:50,0.0,0.0,STOP_LIMIT,NASDAQ,0.7444,729.51,US88160R1014,490.001343363783,Consumer Cyclical,Auto Manufacturers,TSLA,TSLA,,0
376,POS403143520,TSLA,Buy,2.0,362.3463,724.69,2020-09-01,13:45:39,0.0,0.0,MARKET,Over the Counter (OTC),0.74373,724.69,US88160R1014,487.201403735226,Consumer Cyclical,Auto Manufacturers,TSLA,TSLA,,0
377,POS403143520,TSLA,Buy,1.0,360.7852,360.79,2020-09-01,13:48:07,0.0,0.0,STOP_LIMIT,NASDAQ,0.74388,360.79,US88160R1014,485.004570629671,Consumer Cyclical,Auto Manufacturers,TSLA,TSLA,,1
378,POS403143520,TSLA,Buy,2.0,355.678,711.36,2020-09-01,14:12:07,0.0,0.0,MARKET,Over the Counter (OTC),0.74515,711.36,US88160R1014,477.32402871905,Consumer Cyclical,Auto Manufacturers,TSLA,TSLA,,1
385,POS403143520,TSLA,Buy,1.0,360.3276,360.33,2020-09-01,15:43:34,0.0,0.0,MARKET,Over the Counter (OTC),0.74535,360.33,US88160R1014,483.434091366472,Consumer Cyclical,Auto Manufacturers,TSLA,TSLA,,1
387,POS403143520,TSLA,Buy,1.0,364.8405,364.84,2020-09-01,16:12:20,0.0,0.0,MARKET,Over the Counter (OTC),0.74543,364.84,US88160R1014,489.436298512268,Consumer Cyclical,Auto Manufacturers,TSLA,TSLA,,0
389,POS404261662,TSLA,Buy,1.0,364.6332,364.63,2020-09-01,16:22:58,0.0,0.0,MARKET,Over the Counter (OTC),0.74594,364.63,US88160R1014,488.82376598654,Consumer Cyclical,Auto Manufacturers,TSLA,TSLA,,0
390,POS404261662,TSLA,Buy,2.0,362.5458,725.09,2020-09-01,16:26:54,0.0,0.0,STOP_LIMIT,NASDAQ,0.74597,725.09,US88160R1014,486.005871549794,Consumer Cyclical,Auto Manufacturers,TSLA,TSLA,,1
391,POS404261662,TSLA,Buy,2.0,363.5881,727.18,2020-09-01,16:32:55,0.0,0.0,MARKET,Over the Counter (OTC),0.74672,727.18,US88160R1014,486.913568673666,Consumer Cyclical,Auto Manufacturers,TSLA,TSLA,,0
392,POS404261662,TSLA,Buy,1.0,362.5898,362.59,2020-09-01,16:36:23,0.0,0.0,MARKET,Over the Counter (OTC),0.74703,362.59,US88160R1014,485.375152269655,Consumer Cyclical,Auto Manufacturers,TSLA,TSLA,,1
393,POS404261662,TSLA,Buy,1.0,362.069,362.07,2020-09-01,16:45:04,0.0,0.0,MARKET,Over the Counter (OTC),0.74664,362.07,US88160R1014,484.931158255652,Consumer Cyclical,Auto Manufacturers,TSLA,TSLA,,1
394,POS404261662,TSLA,Buy,2.0,354.2523,708.5,2020-09-01,19:13:08,0.0,0.0,MARKET,Over the Counter (OTC),0.74773,708.5,US88160R1014,473.770344910596,Consumer Cyclical,Auto Manufacturers,TSLA,TSLA,,1
403,POS404261662,TSLA,Buy,1.0,343.8452,343.85,2020-09-02,13:40:56,0.0,0.0,MARKET,Over the Counter (OTC),0.75103,343.85,US88160R1014,457.831511391023,Consumer Cyclical,Auto Manufacturers,TSLA,TSLA,,0
404,POS404261662,TSLA,Buy,2.0,347.5949,695.19,2020-09-02,13:43:16,0.0,0.0,MARKET,Over the Counter (OTC),0.75074,695.19,US88160R1014,463.00303700349,Consumer Cyclical,Auto Manufacturers,TSLA,TSLA,,0
417,POS407398422,TSLA,Buy,1.0,333.776,333.78,2020-09-02,16:47:35,0.0,0.0,MARKET,Over the Counter (OTC),0.75039,333.78,US88160R1014,444.803368914831,Consumer Cyclical,Auto Manufacturers,TSLA,TSLA,,0
423,POS407398422,TSLA,Buy,1.0,315.476,315.48,2020-09-03,13:34:01,0.0,0.0,MARKET,Over the Counter (OTC),0.75294,315.48,US88160R1014,418.992217175339,Consumer Cyclical,Auto Manufacturers,TSLA,TSLA,,0
427,POS407398422,TSLA,Buy,1.0,311.4062,311.41,2020-09-03,14:42:38,0.0,0.0,MARKET,Over the Counter (OTC),0.75333,311.41,US88160R1014,413.372891030491,Consumer Cyclical,Auto Manufacturers,TSLA,TSLA,,1
445,POS407398422,TSLA,Buy,0.5,305.7116,152.86,2020-09-04,13:47:00,0.0,0.0,MARKET,Over the Counter (OTC),0.7571,152.86,US88160R1014,403.792893937393,Consumer Cyclical,Auto Manufacturers,TSLA,TSLA,,0
446,POS407398422,TSLA,Buy,0.5,294.528,147.26,2020-09-04,13:59:00,0.0,0.0,MARKET,Over the Counter (OTC),0.75757,147.26,US88160R1014,388.779914727352,Consumer Cyclical,Auto Manufacturers,TSLA,TSLA,,1
451,POS407398422,TSLA,Buy,1.0,320.7301,320.73,2020-09-04,19:29:37,0.0,0.0,MARKET,Over the Counter (OTC),0.75272,320.73,US88160R1014,426.094829418642,Consumer Cyclical,Auto Manufacturers,TSLA,TSLA,,0
455,POS413965936,TSLA,Buy,1.0,316.9297,316.93,2020-09-04,19:54:55,0.0,0.0,STOP_LIMIT,NASDAQ,0.7528,316.93,US88160R1014,421.001195536663,Consumer Cyclical,Auto Manufacturers,TSLA,TSLA,,0
459,POS413965936,TSLA,Buy,1.0,315.5001,315.5,2020-09-04,19:59:32,0.0,0.0,MARKET,Over the Counter (OTC),0.75298,315.5,US88160R1014,419.001965523653,Consumer Cyclical,Auto Manufacturers,TSLA,TSLA,,0
488,POS413965936,TSLA,Buy,2.0,283.1066,566.21,2020-09-09,19:57:40,0.0,0.0,MARKET,Over the Counter (OTC),0.76889,566.21,US88160R1014,368.201693350154,Consumer Cyclical,Auto Manufacturers,TSLA,TSLA,,0
500,POS413965936,TSLA,Buy,1.0,299.9845,299.98,2020-09-10,14:01:34,0.0,0.0,MARKET,Over the Counter (OTC),0.77315,299.98,US88160R1014,388.002974843174,Consumer Cyclical,Auto Manufacturers,TSLA,TSLA,,0
504,POS422446016,TSLA,Buy,1.0,303.2741,303.27,2020-09-10,14:24:00,0.0,0.0,STOP_LIMIT,NASDAQ,0.77365,303.27,US88160R1014,392.004265494733,Consumer Cyclical,Auto Manufacturers,TSLA,TSLA,,0
505,POS422446016,TSLA,Buy,4.0,307.0433,1228.17,2020-09-10,14:34:31,0.0,0.0,MARKET,Over the Counter (OTC),0.77399,1228.17,US88160R1014,396.701895373325,Consumer Cyclical,Auto Manufacturers,TSLA,TSLA,,0
508,POS422446016,TSLA,Buy,1.0,306.1613,306.16,2020-09-10,14:36:36,0.0,0.0,MARKET,Over the Counter (OTC),0.77413,306.16,US88160R1014,395.490809037242,Consumer Cyclical,Auto Manufacturers,TSLA,TSLA,,0
512,POS422568302,TSLA,Buy,1.0,306.9505,306.95,2020-09-10,14:43:07,0.0,0.0,MARKET,Over the Counter (OTC),0.77512,306.95,US88160R1014,396.003844566003,Consumer Cyclical,Auto Manufacturers,TSLA,TSLA,,0
513,POS422568302,TSLA,Buy,3.0,306.8934,920.68,2020-09-10,14:43:42,0.0,0.0,STOP_LIMIT,NASDAQ,0.77498,920.68,US88160R1014,396.001703269762,Consumer Cyclical,Auto Manufacturers,TSLA,TSLA,,0
516,POS422568302,TSLA,Buy,3.0,303.0996,909.3,2020-09-10,14:47:56,0.0,0.0,MARKET,Over the Counter (OTC),0.77568,909.3,US88160R1014,390.753403465347,Consumer Cyclical,Auto Manufacturers,TSLA,TSLA,,0
520,POS422568302,TSLA,Buy,3.0,298.9934,896.98,2020-09-10,15:02:03,0.0,0.0,MARKET,Over the Counter (OTC),0.77785,896.98,US88160R1014,384.384392877804,Consumer Cyclical,Auto Manufacturers,TSLA,TSLA,,0
567,POS422568302,TSLA,Buy,1.0,301.9075,301.91,2020-09-14,14:12:34,0.0,0.0,MARKET,Over the Counter (OTC),0.77511,301.91,US88160R1014,389.502780250545,Consumer Cyclical,Auto Manufacturers,TSLA,TSLA,,1
579,POS422568302,TSLA,Buy,2.0,310.6218,621.24,2020-09-14,15:21:49,0.0,0.0,MARKET,Over the Counter (OTC),0.7769,621.24,US88160R1014,399.822113528125,Consumer Cyclical,Auto Manufacturers,TSLA,TSLA,,0
584,POS422568302,TSLA,Buy,3.0,310.6482,931.94,2020-09-14,15:27:49,0.0,0.0,STOP_LIMIT,NASDAQ,0.77662,931.94,US88160R1014,400.000257526203,Consumer Cyclical,Auto Manufacturers,TSLA,TSLA,,0
585,POS422568302,TSLA,Buy,1.0,309.9252,309.93,2020-09-14,15:38:40,0.0,0.0,MARKET,Over the Counter (OTC),0.77595,309.93,US88160R1014,399.413879760294,Consumer Cyclical,Auto Manufacturers,TSLA,TSLA,,0
619,POS422568302,TSLA,Buy,1.0,337.7829,337.78,2020-09-15,14:14:41,0.0,0.0,MARKET,Over the Counter (OTC),0.7761,337.78,US88160R1014,435.231155778894,Consumer Cyclical,Auto Manufacturers,TSLA,TSLA,,1
622,POS422568302,TSLA,Buy,1.0,338.5786,338.58,2020-09-15,14:28:00,0.0,0.0,MARKET,Over the Counter (OTC),0.77669,338.58,US88160R1014,435.925015128301,Consumer Cyclical,Auto Manufacturers,TSLA,TSLA,,1
667,POS422568302,TSLA,Buy,1.0,348.2452,348.25,2020-09-16,14:28:02,0.0,0.0,STOP_LIMIT,NASDAQ,0.7713,348.25,US88160R1014,451.504213665241,Consumer Cyclical,Auto Manufacturers,TSLA,TSLA,,0
668,POS422568302,TSLA,Buy,1.0,345.3411,345.34,2020-09-16,14:37:17,0.0,0.0,MARKET,Over the Counter (OTC),0.77088,345.34,US88160R1014,447.982954545455,Consumer Cyclical,Auto Manufacturers,TSLA,TSLA,,0
669,POS422568302,TSLA,Buy,1.0,344.5831,344.58,2020-09-16,14:38:35,0.0,0.0,MARKET,Over the Counter (OTC),0.77053,344.58,US88160R1014,447.202704631877,Consumer Cyclical,Auto Manufacturers,TSLA,TSLA,,0
670,POS422568302,TSLA,Buy,2.0,342.5738,685.15,2020-09-16,14:49:06,0.0,0.0,MARKET,Over the Counter (OTC),0.76982,685.15,US88160R1014,445.005066119353,Consumer Cyclical,Auto Manufacturers,TSLA,TSLA,,1
672,POS433671838,TSLA,Buy,2.0,346.265,692.53,2020-09-16,19:04:32,0.0,0.0,MARKET,Over the Counter (OTC),0.77081,692.53,US88160R1014,449.222246727468,Consumer Cyclical,Auto Manufacturers,TSLA,TSLA,,0
673,POS433671838,TSLA,Buy,3.0,343.9924,1031.98,2020-09-16,19:09:52,0.0,0.0,STOP_LIMIT,NASDAQ,0.77128,1031.98,US88160R1014,446.001970749922,Consumer Cyclical,Auto Manufacturers,TSLA,TSLA,,1
674,POS433671838,TSLA,Buy,2.0,343.4031,686.81,2020-09-16,19:11:52,0.0,0.0,MARKET,Over the Counter (OTC),0.77183,686.81,US88160R1014,444.920643146807,Consumer Cyclical,Auto Manufacturers,TSLA,TSLA,,1
675,POS433671838,TSLA,Buy,2.0,342.8253,685.65,2020-09-16,19:30:06,0.0,0.0,STOP_LIMIT,NASDAQ,0.77212,685.65,US88160R1014,444.005206444594,Consumer Cyclical,Auto Manufacturers,TSLA,TSLA,,1
676,POS433671838,TSLA,Buy,3.0,342.2307,1026.69,2020-09-16,19:33:37,0.0,0.0,MARKET,Over the Counter (OTC),0.77256,1026.69,US88160R1014,442.982680956819,Consumer Cyclical,Auto Manufacturers,TSLA,TSLA,,1
677,POS433671838,TSLA,Buy,3.0,339.6491,1018.95,2020-09-16,19:43:35,0.0,0.0,MARKET,Over the Counter (OTC),0.77242,1018.95,US88160R1014,439.720747779705,Consumer Cyclical,Auto Manufacturers,TSLA,TSLA,,1
678,POS433671838,TSLA,Buy,1.0,325.8338,325.83,2020-09-17,13:41:07,0.0,0.0,MARKET,Over the Counter (OTC),0.77527,325.83,US88160R1014,420.284288054484,Consumer Cyclical,Auto Manufacturers,TSLA,TSLA,,1
683,POS437403095,TSLA,Buy,1.0,342.8257,342.83,2020-09-18,14:06:18,0.0,0.0,STOP_LIMIT,NASDAQ,0.773,342.83,US88160R1014,443.500258732212,Consumer Cyclical,Auto Manufacturers,TSLA,TSLA,,0
684,POS437403095,TSLA,Buy,1.0,342.3969,342.4,2020-09-18,14:10:03,0.0,0.0,STOP_LIMIT,NASDAQ,0.7729,342.4,US88160R1014,443.002846422564,Consumer Cyclical,Auto Manufacturers,TSLA,TSLA,,0
685,POS437403095,TSLA,Buy,1.0,341.1968,341.2,2020-09-18,14:35:58,0.0,0.0,STOP_LIMIT,NASDAQ,0.77193,341.2,US88160R1014,442.004844998899,Consumer Cyclical,Auto Manufacturers,TSLA,TSLA,,0
686,POS437403095,TSLA,Buy,2.0,340.1911,680.38,2020-09-18,14:47:40,0.0,0.0,MARKET,Over the Counter (OTC),0.7714,680.38,US88160R1014,441.004796473943,Consumer Cyclical,Auto Manufacturers,TSLA,TSLA,,0
687,POS437403095,TSLA,Buy,2.0,338.7868,677.57,2020-09-18,14:55:34,0.0,0.0,STOP_LIMIT,NASDAQ,0.77172,677.57,US88160R1014,439.002228787643,Consumer Cyclical,Auto Manufacturers,TSLA,TSLA,,1
688,POS437403095,TSLA,Buy,2.0,338.1769,676.35,2020-09-18,16:38:01,0.0,0.0,STOP_LIMIT,NASDAQ,0.77209,676.35,US88160R1014,438.001916874976,Consumer Cyclical,Auto Manufacturers,TSLA,TSLA,,1
689,POS437403095,TSLA,Buy,2.0,337.0167,674.03,2020-09-18,17:04:04,0.0,0.0,MARKET,Over the Counter (OTC),0.77274,674.03,US88160R1014,436.132075471698,Consumer Cyclical,Auto Manufacturers,TSLA,TSLA,,1
695,POS437403095,TSLA,Buy,1.0,342.7492,342.75,2020-09-18,19:21:09,0.0,0.0,STOP_LIMIT,NASDAQ,0.7737,342.75,US88160R1014,443.000129249063,Consumer Cyclical,Auto Manufacturers,TSLA,TSLA,,0
697,POS438528981,TSLA,Buy,1.0,346.9679,346.97,2020-09-18,19:36:59,0.0,0.0,MARKET,Over the Counter (OTC),0.77396,346.97,US88160R1014,448.302108636105,Consumer Cyclical,Auto Manufacturers,TSLA,TSLA,,0
698,POS438528981,TSLA,Buy,4.0,346.7841,1387.14,2020-09-18,19:40:59,0.0,0.0,STOP_LIMIT,NASDAQ,0.77407,1387.14,US88160R1014,448.000955985893,Consumer Cyclical,Auto Manufacturers,TSLA,TSLA,,0
699,POS438528981,TSLA,Buy,5.0,348.1505,1740.75,2020-09-18,19:45:46,0.0,0.0,MARKET,Over the Counter (OTC),0.77414,1740.75,US88160R1014,449.725501847211,Consumer Cyclical,Auto Manufacturers,TSLA,TSLA,,0
700,POS438528981,TSLA,Buy,1.0,346.077,346.08,2020-09-18,19:50:01,0.0,0.0,STOP_LIMIT,NASDAQ,0.77422,346.08,US88160R1014,447.000852470874,Consumer Cyclical,Auto Manufacturers,TSLA,TSLA,,0
701,POS438528981,TSLA,Buy,3.0,345.267,1035.8,2020-09-18,19:50:24,0.0,0.0,MARKET,Over the Counter (OTC),0.77424,1035.8,US88160R1014,445.943118412895,Consumer Cyclical,Auto Manufacturers,TSLA,TSLA,,0
702,POS438528981,TSLA,Buy,2.0,344.9239,689.85,2020-09-18,19:52:02,0.0,0.0,MARKET,Over the Counter (OTC),0.77425,689.85,US88160R1014,445.494220213109,Consumer Cyclical,Auto Manufacturers,TSLA,TSLA,,0
703,POS438528981,TSLA,Buy,2.0,342.4905,684.98,2020-09-18,19:59:41,0.0,0.0,MARKET,Over the Counter (OTC),0.77385,684.98,US88160R1014,442.579957356077,Consumer Cyclical,Auto Manufacturers,TSLA,TSLA,,0
708,POS438528981,TSLA,Buy,2.0,337.994,675.99,2020-09-21,15:02:55,0.0,0.0,MARKET,Over the Counter (OTC),0.78112,675.99,US88160R1014,432.704321999181,Consumer Cyclical,Auto Manufacturers,TSLA,TSLA,,0
711,POS441793988,TSLA,Buy,3.0,348.6199,1045.86,2020-09-21,17:40:03,0.0,0.0,STOP_LIMIT,NASDAQ,0.78165,1045.86,US88160R1014,446.005117379901,Consumer Cyclical,Auto Manufacturers,TSLA,TSLA,,0
712,POS441793988,TSLA,Buy,3.0,348.2291,1044.69,2020-09-21,17:40:03,0.0,0.0,STOP_LIMIT,NASDAQ,0.78165,1044.69,US88160R1014,445.505149363526,Consumer Cyclical,Auto Manufacturers,TSLA,TSLA,,0
713,POS441793988,TSLA,Buy,3.0,347.5715,1042.71,2020-09-21,17:42:42,0.0,0.0,MARKET,Over the Counter (OTC),0.7816,1042.71,US88160R1014,444.692297850563,Consumer Cyclical,Auto Manufacturers,TSLA,TSLA,,0
714,POS441793988,TSLA,Buy,1.0,347.043,347.04,2020-09-21,17:45:25,0.0,0.0,STOP_LIMIT,NASDAQ,0.78162,347.04,US88160R1014,444.004759345974,Consumer Cyclical,Auto Manufacturers,TSLA,TSLA,,0
715,POS441793988,TSLA,Buy,1.0,345.8145,345.81,2020-09-21,17:55:40,0.0,0.0,MARKET,Over the Counter (OTC),0.78203,345.81,US88160R1014,442.201066455251,Consumer Cyclical,Auto Manufacturers,TSLA,TSLA,,0
716,POS441793988,TSLA,Buy,4.0,343.8147,1375.26,2020-09-21,18:34:16,0.0,0.0,MARKET,Over the Counter (OTC),0.7818,1375.26,US88160R1014,439.773215656178,Consumer Cyclical,Auto Manufacturers,TSLA,TSLA,,0
717,POS441793988,TSLA,Buy,2.0,343.2556,686.51,2020-09-21,18:43:06,0.0,0.0,STOP_LIMIT,NASDAQ,0.7819,686.51,US88160R1014,439.001918403888,Consumer Cyclical,Auto Manufacturers,TSLA,TSLA,,0
724,POS441793988,TSLA,Buy,2.0,310.9226,621.85,2020-09-23,14:19:58,0.0,0.0,MARKET,Over the Counter (OTC),0.78523,621.85,US88160R1014,395.963730371993,Consumer Cyclical,Auto Manufacturers,TSLA,TSLA,,0
744,POS491771082,TSLA,Buy,4.0,347.1506,1388.6,2020-10-15,15:36:15,0.0,0.0,MARKET,Over the Counter (OTC),0.77407,1388.6,US88160R1014,448.474427377369,Consumer Cyclical,Auto Manufacturers,TSLA,TSLA,,1
748,POS493630992,TSLA,Buy,3.0,349.8127,1049.44,2020-10-16,14:32:42,0.0,0.0,LIMIT,NASDAQ,0.77392,1049.44,US88160R1014,452.001111225966,Consumer Cyclical,Auto Manufacturers,TSLA,TSLA,,0
749,POS493630992,TSLA,Buy,1.0,347.373,347.37,2020-10-16,14:52:42,0.0,0.0,MARKET,Over the Counter (OTC),0.7741,347.37,US88160R1014,448.744348275417,Consumer Cyclical,Auto Manufacturers,TSLA,TSLA,,0
750,POS493630992,TSLA,Buy,3.0,344.2886,1032.87,2020-10-16,15:18:24,0.0,0.0,LIMIT,NASDAQ,0.77368,1032.87,US88160R1014,445.001292524041,Consumer Cyclical,Auto Manufacturers,TSLA,TSLA,,1
752,POS493630992,TSLA,Buy,2.0,343.5814,687.16,2020-10-16,19:31:23,0.0,0.0,LIMIT,NASDAQ,0.77383,687.16,US88160R1014,444.001137200677,Consumer Cyclical,Auto Manufacturers,TSLA,TSLA,,1
753,POS493630992,TSLA,Buy,1.0,343.6228,343.62,2020-10-16,19:31:43,0.0,0.0,MARKET,Over the Counter (OTC),0.77383,343.62,US88160R1014,444.054637323443,Consumer Cyclical,Auto Manufacturers,TSLA,TSLA,,1
756,POS493630992,TSLA,Buy,3.0,339.7804,1019.34,2020-10-19,13:56:38,0.0,0.0,LIMIT,NASDAQ,0.76873,1019.34,US88160R1014,442.002263473521,Consumer Cyclical,Auto Manufacturers,TSLA,TSLA,,0
758,POS493630992,TSLA,Buy,2.0,335.6104,671.22,2020-10-19,16:24:57,0.0,0.0,MARKET,Over the Counter (OTC),0.7693,671.22,US88160R1014,436.25425711686,Consumer Cyclical,Auto Manufacturers,TSLA,TSLA,,1
762,POS493630992,TSLA,Buy,3.0,328.6112,985.83,2020-10-20,18:34:08,0.0,0.0,MARKET,Over the Counter (OTC),0.77283,985.83,US88160R1014,425.205025684821,Consumer Cyclical,Auto Manufacturers,TSLA,TSLA,,1
812,POS493630992,TSLA,Buy,1.0,302.2725,302.27,2020-11-10,15:48:45,0.0,0.0,MARKET,Over the Counter (OTC),0.75524,302.27,US88160R1014,400.233700545522,Consumer Cyclical,Auto Manufacturers,TSLA,TSLA,,1
874,POS556590594,TSLA,Buy,2.0,347.9202,695.84,2020-11-17,14:42:19,0.0,0.0,MARKET,Over the Counter (OTC),0.75436,695.84,US88160R1014,461.212418473938,Consumer Cyclical,Auto Manufacturers,TSLA,TSLA,,0
878,POS556590594,TSLA,Buy,3.0,343.3703,1030.11,2020-11-17,14:51:29,0.0,0.0,LIMIT,NASDAQ,0.75466,1030.11,US88160R1014,455.0,Consumer Cyclical,Auto Manufacturers,TSLA,TSLA,,0
880,POS556590594,TSLA,Buy,2.0,339.1899,678.38,2020-11-17,15:00:35,0.0,0.0,LIMIT,NASDAQ,0.75439,678.38,US88160R1014,449.621415978473,Consumer Cyclical,Auto Manufacturers,TSLA,TSLA,,0
882,POS556590594,TSLA,Buy,3.0,337.5384,1012.62,2020-11-17,15:11:13,0.0,0.0,MARKET,Over the Counter (OTC),0.75451,1012.62,US88160R1014,447.361068773111,Consumer Cyclical,Auto Manufacturers,TSLA,TSLA,,1
889,POS556590594,TSLA,Buy,2.0,331.2818,662.56,2020-11-17,17:10:24,0.0,0.0,MARKET,Over the Counter (OTC),0.75514,662.56,US88160R1014,438.702492253092,Consumer Cyclical,Auto Manufacturers,TSLA,TSLA,,1
891,POS556590594,TSLA,Buy,3.0,334.385,1003.16,2020-11-17,17:28:10,0.0,0.0,MARKET,Over the Counter (OTC),0.75481,1003.16,US88160R1014,443.005524569097,Consumer Cyclical,Auto Manufacturers,TSLA,TSLA,,1
903,POS560994947,TSLA,Buy,2.0,350.3849,700.77,2020-11-18,16:41:50,0.0,0.0,MARKET,Over the Counter (OTC),0.75194,700.77,US88160R1014,465.974545841423,Consumer Cyclical,Auto Manufacturers,TSLA,TSLA,,1
905,POS560994947,TSLA,Buy,3.0,353.1888,1059.57,2020-11-18,16:54:20,0.0,0.0,MARKET,Over the Counter (OTC),0.752,1059.57,US88160R1014,469.665957446809,Consumer Cyclical,Auto Manufacturers,TSLA,TSLA,,1
906,POS560994947,TSLA,Buy,4.0,362.3105,1449.24,2020-11-18,17:06:33,0.0,0.0,MARKET,Over the Counter (OTC),0.75213,1449.24,US88160R1014,481.712602874503,Consumer Cyclical,Auto Manufacturers,TSLA,TSLA,,0
909,POS561304614,TSLA,Buy,5.0,360.9779,1804.89,2020-11-18,17:40:33,0.0,0.0,MARKET,Over the Counter (OTC),0.75271,1804.89,US88160R1014,479.571016726229,Consumer Cyclical,Auto Manufacturers,TSLA,TSLA,,0
911,POS561304614,TSLA,Buy,5.0,363.9429,1819.71,2020-11-18,18:09:16,0.0,0.0,MARKET,Over the Counter (OTC),0.75281,1819.71,US88160R1014,483.445889401044,Consumer Cyclical,Auto Manufacturers,TSLA,TSLA,,0
914,POS561304614,TSLA,Buy,1.0,366.9833,366.98,2020-11-18,18:23:31,0.0,0.0,MARKET,Over the Counter (OTC),0.75273,366.98,US88160R1014,487.536434046737,Consumer Cyclical,Auto Manufacturers,TSLA,TSLA,,0
915,POS561304614,TSLA,Buy,3.0,368.4761,1105.43,2020-11-18,19:47:03,0.0,0.0,MARKET,Over the Counter (OTC),0.75289,1105.43,US88160R1014,489.415585278062,Consumer Cyclical,Auto Manufacturers,TSLA,TSLA,,0
916,POS561304614,TSLA,Buy,1.0,372.5054,372.51,2020-11-18,20:25:18,0.0,0.0,MARKET,Over the Counter (OTC),0.75306,372.51,US88160R1014,494.655671526837,Consumer Cyclical,Auto Manufacturers,TSLA,TSLA,,0
918,POS562131013,TSLA,Buy,4.0,366.1844,1464.74,2020-11-18,20:45:47,0.0,0.0,LIMIT,NASDAQ,0.75346,1464.74,US88160R1014,486.003769277732,Consumer Cyclical,Auto Manufacturers,TSLA,TSLA,,0
919,POS562131013,TSLA,Buy,1.0,365.3809,365.38,2020-11-18,20:47:14,0.0,0.0,LIMIT,NASDAQ,0.75347,365.38,US88160R1014,484.930919611929,Consumer Cyclical,Auto Manufacturers,TSLA,TSLA,,0
920,POS562131013,TSLA,Buy,3.0,364.6747,1094.02,2020-11-18,20:47:19,0.0,0.0,LIMIT,NASDAQ,0.75346,1094.02,US88160R1014,484.000079632628,Consumer Cyclical,Auto Manufacturers,TSLA,TSLA,,0
921,POS562131013,TSLA,Buy,2.0,366.3307,732.66,2020-11-18,20:54:34,0.0,0.0,LIMIT,NASDAQ,0.75376,732.66,US88160R1014,486.004431118658,Consumer Cyclical,Auto Manufacturers,TSLA,TSLA,,0
922,POS562131013,TSLA,Buy,2.0,366.8535,733.71,2020-11-18,20:59:32,0.0,0.0,LIMIT,NASDAQ,0.7536,733.71,US88160R1014,486.801353503185,Consumer Cyclical,Auto Manufacturers,TSLA,TSLA,,0
932,POS562131013,TSLA,Buy,1.0,383.1783,383.18,2020-11-19,15:16:06,0.0,0.0,MARKET,Over the Counter (OTC),0.75602,383.18,US88160R1014,506.836194809661,Consumer Cyclical,Auto Manufacturers,TSLA,TSLA,,0
933,POS562131013,TSLA,Buy,1.0,381.6416,381.64,2020-11-19,15:20:38,0.0,0.0,MARKET,Over the Counter (OTC),0.75623,381.64,US88160R1014,504.663396056755,Consumer Cyclical,Auto Manufacturers,TSLA,TSLA,,0
934,POS562131013,TSLA,Buy,1.0,382.9143,382.91,2020-11-19,16:25:53,0.0,0.0,MARKET,Over the Counter (OTC),0.756,382.91,US88160R1014,506.500396825397,Consumer Cyclical,Auto Manufacturers,TSLA,TSLA,,0
937,POS562131013,TSLA,Buy,4.0,374.6674,1498.67,2020-11-19,17:20:37,0.0,0.0,MARKET,Over the Counter (OTC),0.75588,1498.67,US88160R1014,495.670476795258,Consumer Cyclical,Auto Manufacturers,TSLA,TSLA,,1
939,POS562131013,TSLA,Buy,3.0,375.6121,1126.84,2020-11-19,17:34:05,0.0,0.0,LIMIT,NASDAQ,0.75578,1126.84,US88160R1014,496.986027680013,Consumer Cyclical,Auto Manufacturers,TSLA,TSLA,,1
940,POS562131013,TSLA,Buy,5.0,375.5336,1877.67,2020-11-19,17:58:17,0.0,0.0,LIMIT,NASDAQ,0.7556,1877.67,US88160R1014,497.000529380625,Consumer Cyclical,Auto Manufacturers,TSLA,TSLA,,1
942,POS562131013,TSLA,Buy,2.0,379.5298,759.06,2020-11-19,18:53:55,0.0,0.0,MARKET,Over the Counter (OTC),0.75496,759.06,US88160R1014,502.715110734344,Consumer Cyclical,Auto Manufacturers,TSLA,TSLA,,0
992,POS623179595,TSLA,Buy,5.0,411.173,2055.87,2020-12-02,14:50:07,0.0,0.0,LIMIT,NASDAQ,0.75168,2055.87,US88160R1014,547.005374627501,Consumer Cyclical,Auto Manufacturers,TSLA,TSLA,,1
960,POS562131013,TSLA,Buy,4.0,429.7363,1718.95,2020-11-30,15:31:03,0.0,0.0,MARKET,Over the Counter (OTC),0.7488,1718.95,US88160R1014,573.899973290598,Consumer Cyclical,Auto Manufacturers,TSLA,TSLA,,1
1015,POS625157542,TSLA,Buy,2.0,424.8665,849.73,2020-12-02,20:56:34,0.0,0.0,MARKET,Over the Counter (OTC),0.74845,849.73,US88160R1014,567.66183445788,Consumer Cyclical,Auto Manufacturers,TSLA,TSLA,,0
1062,POS625157542,TSLA,Buy,1.0,446.5324,446.53,2020-12-09,19:10:38,0.0,0.0,MARKET,Over the Counter (OTC),0.74779,446.53,US88160R1014,597.136094358042,Consumer Cyclical,Auto Manufacturers,TSLA,TSLA,,1
1064,POS625157542,TSLA,Buy,1.0,448.3741,448.37,2020-12-09,19:12:27,0.0,0.0,MARKET,Over the Counter (OTC),0.74787,448.37,US88160R1014,599.534812199981,Consumer Cyclical,Auto Manufacturers,TSLA,TSLA,,1
1123,POS704397595,TSLA,Buy,1.0,502.4289,502.43,2020-12-28,14:49:16,0.0,0.0,MARKET,Over the Counter (OTC),0.7394,502.43,US88160R1014,679.508926156343,Consumer Cyclical,Auto Manufacturers,TSLA,TSLA,,0
1139,POS704397595,TSLA,Buy,1.0,508.0273,508.03,2020-12-30,20:30:47,0.0,0.0,MARKET,Over the Counter (OTC),0.7341,508.03,US88160R1014,692.041002588203,Consumer Cyclical,Auto Manufacturers,TSLA,TSLA,,0
1147,POS704397595,TSLA,Buy,1.0,510.673,510.67,2020-12-31,14:46:29,0.0,0.0,MARKET,Over the Counter (OTC),0.73203,510.67,US88160R1014,697.612119721869,Consumer Cyclical,Auto Manufacturers,TSLA,TSLA,,1
1150,POS704397595,TSLA,Buy,1.0,509.4796,509.48,2020-12-31,14:50:53,0.0,0.0,MARKET,Over the Counter (OTC),0.73202,509.48,US88160R1014,695.99136635611,Consumer Cyclical,Auto Manufacturers,TSLA,TSLA,,1
1159,POS704397595,TSLA,Buy,1.0,523.0926,523.09,2020-12-31,17:30:16,0.0,0.0,MARKET,Over the Counter (OTC),0.73182,523.09,US88160R1014,714.783143395917,Consumer Cyclical,Auto Manufacturers,TSLA,TSLA,,0
1485,POS704397595,TSLA,Buy,0.2,603.8985,120.78,2021-02-01,16:47:07,0.0,0.0,MARKET,Over the Counter (OTC),0.73116,120.78,US88160R1014,825.945757426555,Consumer Cyclical,Auto Manufacturers,TSLA,TSLA,,0
1610,POS704397595,TSLA,Buy,1.0,589.4442,589.44,2021-02-10,16:41:18,0.0,0.0,MARKET,Over the Counter (OTC),0.7224,589.44,US88160R1014,815.952657807309,Consumer Cyclical,Auto Manufacturers,TSLA,TSLA,,1
1612,POS704397595,TSLA,Buy,0.5,587.5962,293.8,2021-02-10,16:48:25,0.0,0.0,MARKET,Over the Counter (OTC),0.72232,293.8,US88160R1014,813.484605161147,Consumer Cyclical,Auto Manufacturers,TSLA,TSLA,,1
1615,POS704397595,TSLA,Buy,1.0,582.785,582.79,2021-02-10,16:58:37,0.0,0.0,LIMIT,NASDAQ,0.72216,582.79,US88160R1014,807.002603301207,Consumer Cyclical,Auto Manufacturers,TSLA,TSLA,,1
1646,POS704397595,TSLA,Buy,1.0,573.7898,573.79,2021-02-12,14:33:30,0.0,0.0,MARKET,Over the Counter (OTC),0.72463,573.79,US88160R1014,791.838317486165,Consumer Cyclical,Auto Manufacturers,TSLA,TSLA,,1
1681,POS704397595,TSLA,Buy,0.5,559.2252,279.61,2021-02-17,17:00:21,0.0,0.0,MARKET,Over the Counter (OTC),0.72221,279.61,US88160R1014,774.324919344789,Consumer Cyclical,Auto Manufacturers,TSLA,TSLA,,1
1728,POS704397595,TSLA,Buy,1.0,527.1383,527.14,2021-02-22,18:18:18,0.0,0.0,MARKET,Over the Counter (OTC),0.71042,527.14,US88160R1014,742.009374736072,Consumer Cyclical,Auto Manufacturers,TSLA,TSLA,,0
1732,POS704397595,TSLA,Buy,0.5,490.4324,245.22,2021-02-23,16:13:21,0.0,0.0,MARKET,Over the Counter (OTC),0.70897,245.22,US88160R1014,691.753388718846,Consumer Cyclical,Auto Manufacturers,TSLA,TSLA,,0
1746,POS704397595,TSLA,Buy,1.0,489.2378,489.24,2021-02-25,20:46:25,0.0,0.0,MARKET,Over the Counter (OTC),0.71319,489.24,US88160R1014,685.98522132952,Consumer Cyclical,Auto Manufacturers,TSLA,TSLA,,1
1832,POS704397595,TSLA,Buy,0.5,494.7292,247.36,2021-06-30,19:21:31,0.37,0.0,MARKET,Over the Counter (OTC),0.72449,247.73,US88160R1014,682.86546398156,Consumer Cyclical,Auto Manufacturers,TSLA,TSLA,,1
1849,POS704397595,TSLA,Buy,0.5,534.2201,267.11,2021-09-20,15:17:13,0.4,0.0,MARKET,Over the Counter (OTC),0.73127,267.51,US88160R1014,730.537421198737,Consumer Cyclical,Auto Manufacturers,TSLA,TSLA,,0
221,POS245087914,TSLA,Sell,0.07963613,1255.7113,100.0,2020-07-20,17:22:16,0.0,0.0,MARKET,Over the Counter (OTC),0.7905,0.0,US88160R1014,317.700518659076,Consumer Cyclical,Auto Manufacturers,TSLA,TSLA,12.23,1
234,POS245087914,TSLA,Sell,0.05,1273.4054,63.67,2020-07-23,13:44:50,0.0,0.0,MARKET,Over the Counter (OTC),0.78773,0.0,US88160R1014,323.31011894938604,Consumer Cyclical,Auto Manufacturers,TSLA,TSLA,8.56,1
255,POS245087914,TSLA,Sell,0.2,1148.1722,229.63,2020-08-04,14:29:08,0.0,0.0,MARKET,Over the Counter (OTC),0.76697,0.0,US88160R1014,299.404722479366,Consumer Cyclical,Auto Manufacturers,TSLA,TSLA,6.7,1
305,POS245087914,TSLA,Sell,0.00078226,1466.1049,1.15,2020-08-20,15:01:35,0.0,0.0,MARKET,Over the Counter (OTC),0.76108,0.0,US88160R1014,385.269590581804,Consumer Cyclical,Auto Manufacturers,TSLA,TSLA,0.26,0
317,POS245087914,TSLA,Sell,0.6,1537.2409,922.34,2020-08-24,13:52:57,0.0,0.0,MARKET,Over the Counter (OTC),0.76289,0.0,US88160R1014,403.004600925428,Consumer Cyclical,Auto Manufacturers,TSLA,TSLA,143.67,0
331,POS245087914,TSLA,Sell,0.5,1531.7888,765.89,2020-08-25,19:22:42,0.0,0.0,MARKET,Over the Counter (OTC),0.76058,0.0,US88160R1014,402.79491966657,Consumer Cyclical,Auto Manufacturers,TSLA,TSLA,82.24,1
341,POS245087914,TSLA,Sell,1.0,1636.4035,1636.4,2020-08-27,16:39:01,0.0,0.0,MARKET,Over the Counter (OTC),0.75746,0.0,US88160R1014,432.076545296122,Consumer Cyclical,Auto Manufacturers,TSLA,TSLA,269.1,0
362,POS399483942,TSLA,Sell,3.0,358.6174,1075.85,2020-08-31,15:24:31,0.0,0.0,MARKET,Over the Counter (OTC),0.74797,0.0,US88160R1014,479.454256186745,Consumer Cyclical,Auto Manufacturers,TSLA,TSLA,32.44,1
372,POS399483942,TSLA,Sell,5.0,361.0898,1805.45,2020-09-01,13:36:32,0.0,0.0,MARKET,Over the Counter (OTC),0.744,0.0,US88160R1014,485.335752688172,Consumer Cyclical,Auto Manufacturers,TSLA,TSLA,41.11,0
386,POS403143520,TSLA,Sell,5.0,363.2608,1816.3,2020-09-01,16:09:43,0.0,0.0,MARKET,Over the Counter (OTC),0.74563,0.0,US88160R1014,487.186406126363,Consumer Cyclical,Auto Manufacturers,TSLA,TSLA,8.42,1
388,POS403143520,TSLA,Sell,6.0,364.9427,2189.66,2020-09-01,16:21:39,0.0,0.0,MARKET,Over the Counter (OTC),0.74573,0.0,US88160R1014,489.376449921553,Consumer Cyclical,Auto Manufacturers,TSLA,TSLA,16.93,1
414,POS404261662,TSLA,Sell,8.0,333.2882,2666.31,2020-09-02,15:07:29,0.0,0.0,MARKET,Over the Counter (OTC),0.75183,0.0,US88160R1014,443.302608302409,Consumer Cyclical,Auto Manufacturers,TSLA,TSLA,-193.09,1
415,POS404261662,TSLA,Sell,4.0,331.233,1324.93,2020-09-02,15:08:52,0.0,0.0,MARKET,Over the Counter (OTC),0.75189,0.0,US88160R1014,440.533854686191,Consumer Cyclical,Auto Manufacturers,TSLA,TSLA,-104.77,0
453,POS407398422,TSLA,Sell,5.0,318.1072,1590.54,2020-09-04,19:47:26,0.0,0.0,MARKET,Over the Counter (OTC),0.75252,0.0,US88160R1014,422.722585446234,Consumer Cyclical,Auto Manufacturers,TSLA,TSLA,9.03,1
503,POS413965936,TSLA,Sell,5.0,303.9882,1519.94,2020-09-10,14:20:25,0.0,0.0,MARKET,Over the Counter (OTC),0.77366,0.0,US88160R1014,392.922213892408,Consumer Cyclical,Auto Manufacturers,TSLA,TSLA,21.31,1
506,POS422446016,TSLA,Sell,1.0,305.737,305.74,2020-09-10,14:35:59,0.0,0.01,STOP_LIMIT,NASDAQ,0.77401,0.01,US88160R1014,395.003940517564,Consumer Cyclical,Auto Manufacturers,TSLA,TSLA,-0.55,1
510,POS422446016,TSLA,Sell,5.0,306.9222,1534.61,2020-09-10,14:42:29,0.0,0.0,MARKET,Over the Counter (OTC),0.77482,0.0,US88160R1014,396.120647376165,Consumer Cyclical,Auto Manufacturers,TSLA,TSLA,3.29,1
666,POS422568302,TSLA,Sell,9.0,348.2888,3134.6,2020-09-16,14:16:54,0.0,0.0,MARKET,Over the Counter (OTC),0.7701,0.0,US88160R1014,452.264381249188,Consumer Cyclical,Auto Manufacturers,TSLA,TSLA,351.57,1
671,POS422568302,TSLA,Sell,15.0,344.1746,5162.62,2020-09-16,18:48:38,0.0,0.0,MARKET,Over the Counter (OTC),0.77162,0.0,US88160R1014,446.041574868459,Consumer Cyclical,Auto Manufacturers,TSLA,TSLA,347.04,0
682,POS433671838,TSLA,Sell,16.0,344.0748,5505.2,2020-09-18,14:00:15,0.0,0.0,MARKET,Over the Counter (OTC),0.7724,0.0,US88160R1014,445.4619368203,Consumer Cyclical,Auto Manufacturers,TSLA,TSLA,36.76,1
692,POS437403095,TSLA,Sell,1.0,343.3932,343.39,2020-09-18,19:09:20,0.0,0.0,MARKET,Over the Counter (OTC),0.77344,0.0,US88160R1014,443.981692180389,Consumer Cyclical,Auto Manufacturers,TSLA,TSLA,3.87,1
696,POS437403095,TSLA,Sell,11.0,342.5892,3768.48,2020-09-18,19:21:19,0.0,0.0,MARKET,Over the Counter (OTC),0.77368,0.0,US88160R1014,442.804777168855,Consumer Cyclical,Auto Manufacturers,TSLA,TSLA,30.49,1
710,POS438528981,TSLA,Sell,20.0,348.1957,6963.92,2020-09-21,17:29:05,0.0,0.0,MARKET,Over the Counter (OTC),0.78154,0.0,US88160R1014,445.525117076541,Consumer Cyclical,Auto Manufacturers,TSLA,TSLA,56.36,1
741,POS441793988,TSLA,Sell,14.0,347.981,4871.74,2020-10-15,14:36:36,0.0,0.11,STOP_LIMIT,NASDAQ,0.77501,0.11,US88160R1014,449.001948361957,Consumer Cyclical,Auto Manufacturers,TSLA,TSLA,75.09,0
742,POS441793988,TSLA,Sell,5.0,345.5955,1727.98,2020-10-15,14:57:29,0.0,0.0,MARKET,Over the Counter (OTC),0.77543,0.0,US88160R1014,445.682395574069,Consumer Cyclical,Auto Manufacturers,TSLA,TSLA,14.89,0
747,POS491771082,TSLA,Sell,4.0,350.2591,1401.04,2020-10-16,13:32:17,0.0,0.0,MARKET,Over the Counter (OTC),0.77463,0.0,US88160R1014,452.163097220609,Consumer Cyclical,Auto Manufacturers,TSLA,TSLA,12.43,1
871,POS493630992,TSLA,Sell,9.0,343.8266,3094.44,2020-11-17,14:31:15,0.0,0.07,STOP_LIMIT,NASDAQ,0.75436,0.07,US88160R1014,455.785831698393,Consumer Cyclical,Auto Manufacturers,TSLA,TSLA,44.32,1
873,POS493630992,TSLA,Sell,10.0,341.512,3415.12,2020-11-17,14:38:09,0.0,0.0,MARKET,Over the Counter (OTC),0.75472,0.0,US88160R1014,452.50158999364,Consumer Cyclical,Auto Manufacturers,TSLA,TSLA,26.1,1
902,POS556590594,TSLA,Sell,15.0,346.0728,5191.09,2020-11-18,16:28:20,0.0,0.11,LIMIT,NASDAQ,0.75233,0.11,US88160R1014,460.00132920394,Consumer Cyclical,Auto Manufacturers,TSLA,TSLA,108.43,0
908,POS560994947,TSLA,Sell,9.0,357.0294,3213.26,2020-11-18,17:28:31,0.0,0.0,MARKET,Over the Counter (OTC),0.75257,0.0,US88160R1014,474.413542926239,Consumer Cyclical,Auto Manufacturers,TSLA,TSLA,3.69,1
917,POS561304614,TSLA,Sell,15.0,366.7126,5500.69,2020-11-18,20:43:39,0.0,0.0,MARKET,Over the Counter (OTC),0.75331,0.0,US88160R1014,486.80171509737,Consumer Cyclical,Auto Manufacturers,TSLA,TSLA,31.17,1
936,POS562131013,TSLA,Sell,10.0,375.1294,3751.29,2020-11-19,17:18:16,0.0,0.0,MARKET,Over the Counter (OTC),0.75598,0.0,US88160R1014,496.216037461308,Consumer Cyclical,Auto Manufacturers,TSLA,TSLA,59.13,0
938,POS562131013,TSLA,Sell,2.0,375.9475,751.9,2020-11-19,17:33:39,0.0,0.02,LIMIT,NASDAQ,0.75574,0.02,US88160R1014,497.456135708048,Consumer Cyclical,Auto Manufacturers,TSLA,TSLA,8.62,0
959,POS562131013,TSLA,Sell,10.0,425.0721,4250.72,2020-11-30,15:29:08,0.0,0.09,STOP_LIMIT,NASDAQ,0.74793,0.09,US88160R1014,568.331394649232,Consumer Cyclical,Auto Manufacturers,TSLA,TSLA,506.58,0
990,POS562131013,TSLA,Sell,11.0,411.4346,4525.78,2020-12-02,14:46:02,0.0,0.0,MARKET,Over the Counter (OTC),0.75119,0.0,US88160R1014,547.710432779989,Consumer Cyclical,Auto Manufacturers,TSLA,TSLA,185.94,0
1014,POS623179595,TSLA,Sell,5.0,417.8589,2089.29,2020-12-02,19:02:12,0.0,0.0,MARKET,Over the Counter (OTC),0.74867,0.0,US88160R1014,558.134959327875,Consumer Cyclical,Auto Manufacturers,TSLA,TSLA,33.43,1
1086,POS625157542,TSLA,Sell,4.0,461.1697,1844.68,2020-12-16,14:39:11,0.0,0.0,MARKET,Over the Counter (OTC),0.73976,0.0,US88160R1014,623.404482534876,Consumer Cyclical,Auto Manufacturers,TSLA,TSLA,100.04,1
1175,POS704397595,TSLA,Sell,2.0,557.2608,1114.52,2021-01-06,14:36:11,0.0,0.0,MARKET,Over the Counter (OTC),0.73751,0.0,US88160R1014,755.597619015335,Consumer Cyclical,Auto Manufacturers,TSLA,TSLA,93.04,0
1212,POS704397595,TSLA,Sell,1.0,618.9468,618.95,2021-01-08,14:41:14,0.0,0.0,MARKET,Over the Counter (OTC),0.73482,0.0,US88160R1014,842.310769984486,Consumer Cyclical,Auto Manufacturers,TSLA,TSLA,108.21,0
